{
  "hash": "a0a4d85d11af052e8134b267dcb235af",
  "result": {
    "markdown": "---\noutput: \n  md_document:\n    variant: markdown_github\n---\n\n\n## Trabajo individual para la asignatura \"Big Data\"\n\n<!-- El párrafo de abajo has de dejarlo tal cual. NO HAS DE CAMBIAR NADA!!-->\n\n\nRepo utilizado para elaborar el trabajo para la asignatura \"Programación y manejo de datos en la era del Big Data\" de la Universitat de València durante el curso 2022-2023. La página web de la asignatura puede verse aquí: <https://perezp44.github.io/intro-ds-22-23-web/>.\n\n\n<!-- En la linea de abajo TIENES QUE SUSTITUIR \"perezp44\" por tu usuario de Github-->\nLa versión final del trabajo puede visualizarse en: <https://perezp44.github.io/trabajo_BigData/>. \n\n\n<!-- Abajo podéis escribir lo que queráis, igual un resumen del trabajo, o ..., o ... pero al menos, creo que tienes que poner el título del trabajo y posiblemente tu nombre. Algo que explique porque está el repo en Github-->\n\nEl título del trabajo es .....  En el trabajo hago  .... blah-blah ...\n\n\n<!-- Finalmente, ACÚERDATE de que cuando hayas hecho los cambios y hayas dejado este archivo como te guste más, TIENES que knittearlo para que los cambios se actualicen en el fichero Readme.md, que es el que finalmente se visualizará en Github. El fichero Readme.md no has de editarlo a mano, sale de knittear Readme.Rmd-->\n\n",
    "supporting": [],
    "filters": [
      "rmarkdown/pagebreak.lua"
    ],
    "includes": {},
    "engineDependencies": {},
    "preserve": {},
    "postProcess": true
  }
}