{"title":"Mi trabajo individual para BigData","markdown":{"yaml":{"title":"Mi trabajo individual para BigData","description":"Estoy tratando de hacer mi blog para el trabajo individual BigData\n","listing":{"contents":"posts","sort":"date desc","type":"default","categories":true,"sort-ui":false,"filter-ui":false},"page-layout":"full","title-block-banner":true},"containsRefs":false,"markdown":"\n"},"formats":{"html":{"execute":{"fig-width":7,"fig-height":5,"fig-format":"retina","fig-dpi":96,"df-print":"default","error":false,"eval":true,"cache":null,"freeze":false,"echo":true,"output":true,"warning":false,"include":true,"keep-md":false,"keep-ipynb":false,"ipynb":null,"enabled":null,"daemon":null,"daemon-restart":false,"debug":false,"ipynb-filters":[],"message":false,"engine":"markdown"},"render":{"keep-tex":false,"keep-source":false,"keep-hidden":false,"prefer-html":false,"output-divs":true,"output-ext":"html","fig-align":"default","fig-pos":null,"fig-env":null,"code-fold":"none","code-overflow":"wrap","code-link":false,"code-line-numbers":false,"code-tools":false,"tbl-colwidths":"auto","merge-includes":true,"latex-auto-mk":true,"latex-auto-install":true,"latex-clean":true,"latex-max-runs":10,"latex-makeindex":"makeindex","latex-makeindex-opts":[],"latex-tlmgr-opts":[],"latex-input-paths":[],"latex-output-dir":null,"link-external-icon":false,"link-external-newwindow":false,"self-contained-math":false,"format-resources":[]},"pandoc":{"standalone":true,"wrap":"none","default-image-extension":"png","to":"html","highlight-style":"a11y","css":["my_styles.css"],"toc":true,"output-file":"blog.html"},"language":{},"metadata":{"lang":"es","fig-responsive":true,"quarto-version":"1.2.269","license":"CC BY","theme":"flatly","page-layout":"full","code-copy":true,"title":"Mi trabajo individual para BigData","description":"Estoy tratando de hacer mi blog para el trabajo individual BigData\n","listing":{"contents":"posts","sort":"date desc","type":"default","categories":true,"sort-ui":false,"filter-ui":false},"title-block-banner":true},"extensions":{"book":{"multiFile":true}}}}}