{"title":"Los pingüinos molan (II)","markdown":{"yaml":{"title":"Los pingüinos molan (II)","description":"Este post tiene el mismo contenido que el anterior pero lo hemos tuneado (de una forma un poco rara) con CSS, tambíen le hemos cambiado el thumbnail\n","author":[{"name":"Pedro Navaja","affiliation":"Universitat de València","affiliation-url":"https://www.uv.es"}],"date":"2022-11-01","categories":["trabajo BigData","pinguinos"],"image":"./imagenes/imagen_02.png","title-block-banner":true,"toc":true,"toc-location":"left","toc-depth":3,"css":"./assets/my_css_file.css"},"headingText":"Intro","containsRefs":false,"markdown":"\n\n\n\n\nVamos a utilizar datos del paquete `palmerpenguins`. El repo del paquete en CRAN está [aquí](https://cran.r-project.org/web/packages/palmerpenguins/index.html), el repo de Github está [aquí](https://github.com/allisonhorst/palmerpenguins) y la página web del paquete está [aquí](https://allisonhorst.github.io/palmerpenguins/).\n\nLos datos se pueden cargar en la memoria de de R/RStudio de esta forma:\n\n```{r}\n# install.packages(\"palmerpenguins\")\nlibrary(palmerpenguins)\ndf <- palmerpenguins::penguins\n```\n\n\nEl dataset contiene observaciones sobre un conjunto de `r nrow(df)` pingüinos de 3 especies. Hay  `r ncol(df)` variables.\n\n## Los pingüinos molan\n\nVamos a ver una foto de un pingüinos\n\n```{r}\n#| echo: false\nmy_url <- \"https://upload.wikimedia.org/wikipedia/commons/a/a9/Ping%C3%BCinos.JPG?20090406212143\"\n```\n\n\n![Un pingüino chulo](https://upload.wikimedia.org/wikipedia/commons/a/a9/Ping%C3%BCinos.JPG?20090406212143)\n\n\n\nSí, lo pingüinos molan, así que vamos a poner otra foto de pingüinos que tenemos en nuestro PC pero la vamos a poner en el margen:\n\n::: {.column-margin}\n\n![](./imagenes/imagen_01.png){fig-align=\"center\"}\n\n:::\n\n\n## Algunos gráficos\n\n\nBueno pues vamos a hacer algún gráfico, pero claro antes he de cargar los paquetes\n\n```{r}\n#| eval: true\nlibrary(tidyverse)\n```\n\n\nArreglo los datos\n\n```{r}\n#- cojos datos de pingüinos y arreglo un poco \ndf <- palmerpenguins::penguins %>% \n  dplyr::select(species, bill_depth_mm, body_mass_g) %>% \n  tidyr::drop_na()\n```\n\n### Primer gráfico\n\n\n```{r}\n#- primer gráfico\np <- ggplot(data = df, \n       mapping = aes(x = bill_depth_mm, y = body_mass_g, color = species)) +\n     geom_point()\np\n```\n\n### Segundo\n\n```{r}\n#- segundo gráfico\np <- p + geom_smooth(method = \"lm\", se = FALSE) \n\np\n```\n\n### El último\n\n```{r}\n#- tercer gráfico\np + geom_smooth(method = \"lm\", se = FALSE, color = \"black\") \n```\n\n<br>\n\nCon esto acabo mi trabajo para BigData!!\n\n<br>\n\nAbajo muestro mi entorno de trabajo y paquetes utilizados\n\n```{r}\n#| echo: false\nsessioninfo::session_info() %>% \n  details::details(summary = 'current session info') \n```\n\n"},"formats":{"html":{"execute":{"fig-width":7,"fig-height":5,"fig-format":"retina","fig-dpi":96,"df-print":"default","error":false,"eval":true,"cache":null,"freeze":"auto","echo":true,"output":true,"warning":false,"include":true,"keep-md":false,"keep-ipynb":false,"ipynb":null,"enabled":null,"daemon":null,"daemon-restart":false,"debug":false,"ipynb-filters":[],"message":false,"engine":"knitr"},"render":{"keep-tex":false,"keep-source":false,"keep-hidden":false,"prefer-html":false,"output-divs":true,"output-ext":"html","fig-align":"default","fig-pos":null,"fig-env":null,"code-fold":"none","code-overflow":"wrap","code-link":true,"code-line-numbers":false,"code-tools":true,"tbl-colwidths":"auto","merge-includes":true,"latex-auto-mk":true,"latex-auto-install":true,"latex-clean":true,"latex-max-runs":10,"latex-makeindex":"makeindex","latex-makeindex-opts":[],"latex-tlmgr-opts":[],"latex-input-paths":[],"latex-output-dir":null,"link-external-icon":false,"link-external-newwindow":true,"self-contained-math":false,"format-resources":[]},"pandoc":{"standalone":true,"wrap":"none","default-image-extension":"png","to":"html","highlight-style":"a11y","css":["../my_styles.css","assets/my_styles.css","./assets/my_css_file.css"],"toc":true,"toc-depth":3,"number-sections":true,"output-file":"post_02_pinguinos.html"},"language":{},"metadata":{"lang":"es","fig-responsive":true,"quarto-version":"1.2.269","license":"CC BY","theme":"flatly","page-layout":"full","code-copy":true,"toc-location":"left","toc-title":"Índice","number-depth":3,"smooth-scroll":true,"knitr":{"opts_chunk":{"collapse":true,"comment":"#>","fig.asp":"7/9","out.width":"95%","fig.align":"center","fig.show":"hold","R.options":"options(scipen = 999)"}},"title-block-banner":true,"title-block-banner-color":"red","title":"Los pingüinos molan (II)","description":"Este post tiene el mismo contenido que el anterior pero lo hemos tuneado (de una forma un poco rara) con CSS, tambíen le hemos cambiado el thumbnail\n","author":[{"name":"Pedro Navaja","affiliation":"Universitat de València","affiliation-url":"https://www.uv.es"}],"date":"2022-11-01","categories":["trabajo BigData","pinguinos"],"image":"./imagenes/imagen_02.png"},"extensions":{"book":{"multiFile":true}}}}}