{"title":"Pedro Navaja","markdown":{"yaml":{"title":"Pedro Navaja","image":"my_foto.png","about":{"template":"trestles","image-width":"16em","image-shape":"rectangle","links":[{"icon":"twitter","text":"Twitter","href":"https://twitter.com/<tu-usuario-twitter>"},{"icon":"linkedin","text":"LinkedIn","href":"https://linkedin.com/<tu-usuario-Linkedin>"},{"icon":"github","text":"Github","href":"https://github.com/<tu-usuario-github>"}]}},"containsRefs":false,"markdown":"\n        \nHola, soy .....\n      \nEsto blog es para presentar el trabajo individual para la asignatura \"Programación y manejo de datos en la era Del Big Data\", optativa de GECO en la Facultad de Economía de la Universitat de València.\n\nLa web de la asignatura está [aquí](https://perezp44.github.io/intro-ds-22-23-web/){target=\"_blank\"} y los trabajos de mis compañeros de curso puedes verlos [aquí](https://perezp44.github.io/intro-ds-22-23-web/07-trabajos_2022-23.html){target=\"_blank\"}.\n\n\n\nNuesro trabajo lleva por título : \".........................\". El objetivo es ..............\n\n\nEl trabajo puede verse [aquí](my_trabajo_BigData.html)  o en el blog [aquí](./posts/post_01_pinguinos.html)"},"formats":{"html":{"execute":{"fig-width":7,"fig-height":5,"fig-format":"retina","fig-dpi":96,"df-print":"default","error":false,"eval":true,"cache":null,"freeze":false,"echo":true,"output":true,"warning":false,"include":true,"keep-md":false,"keep-ipynb":false,"ipynb":null,"enabled":null,"daemon":null,"daemon-restart":false,"debug":false,"ipynb-filters":[],"message":false,"engine":"markdown"},"render":{"keep-tex":false,"keep-source":false,"keep-hidden":false,"prefer-html":false,"output-divs":true,"output-ext":"html","fig-align":"default","fig-pos":null,"fig-env":null,"code-fold":"none","code-overflow":"wrap","code-link":false,"code-line-numbers":false,"code-tools":false,"tbl-colwidths":"auto","merge-includes":true,"latex-auto-mk":true,"latex-auto-install":true,"latex-clean":true,"latex-max-runs":10,"latex-makeindex":"makeindex","latex-makeindex-opts":[],"latex-tlmgr-opts":[],"latex-input-paths":[],"latex-output-dir":null,"link-external-icon":false,"link-external-newwindow":false,"self-contained-math":false,"format-resources":[]},"pandoc":{"standalone":true,"wrap":"none","default-image-extension":"png","to":"html","highlight-style":"a11y","css":["my_styles.css"],"toc":true,"output-file":"index.html"},"language":{},"metadata":{"lang":"es","fig-responsive":true,"quarto-version":"1.2.269","license":"CC BY","theme":"flatly","page-layout":"full","code-copy":true,"title":"Pedro Navaja","image":"my_foto.png","about":{"template":"trestles","image-width":"16em","image-shape":"rectangle","links":[{"icon":"twitter","text":"Twitter","href":"https://twitter.com/<tu-usuario-twitter>"},{"icon":"linkedin","text":"LinkedIn","href":"https://linkedin.com/<tu-usuario-Linkedin>"},{"icon":"github","text":"Github","href":"https://github.com/<tu-usuario-github>"}]}},"extensions":{"book":{"multiFile":true}}}}}