{"title":"Trabajo en equipo para la asignatura \"Big Data\"","markdown":{"yaml":{"output":{"md_document":{"variant":"markdown_github"}}},"headingText":"Trabajo en equipo para la asignatura \"Big Data\"","containsRefs":false,"markdown":"\n\n\n<!-- El párrafo de abajo has de dejarlo tal cual. NO HAS DE CAMBIAR NADA!!-->\n\nRepo utilizado para elaborar el trabajo en equipo para la asignatura \"Programación y manejo de datos en la era del Big Data\" de la Universitat de València durante el curso 2022-2023. La página web de la asignatura puede verse aquí: <https://perezp44.github.io/intro-ds-22-23-web/>.\n\n\n<!-- En la linea de abajo HAS de SUSTITUIR \"perezp44\" por tu usuario de Github-->\nLa versión final del trabajo puede visualizarse en: <https://perezp44.github.io/trabajo_BigData_equipo/>. \n\n\n<!-- Abajo podéis escribir lo que queráis, igual un resumen del trabajo, o ..., o ... pero al menos, tenéis que poner el título del trabajo y el nombre de los componentes del equipo-->\n\nEl título del trabajo es .....  En el trabajo hago  .... blah-blah ...\n\n\n\n<!-- Finalmente, acuérdate que cuando hayas hecho los cambios y hayas dejado este archivo como hayáis decidido, TENEIS que knittearlo para que los cambio se actualicen en el fichero Readme.md, que es el que finalmente se visualizará en Github-->\n\n"},"formats":{"html":{"execute":{"fig-width":7,"fig-height":5,"fig-format":"retina","fig-dpi":96,"df-print":"default","error":false,"eval":true,"cache":null,"freeze":false,"echo":true,"output":{"md_document":{"variant":"markdown_github"}},"warning":false,"include":true,"keep-md":false,"keep-ipynb":false,"ipynb":null,"enabled":null,"daemon":null,"daemon-restart":false,"debug":false,"ipynb-filters":[],"message":false,"engine":"knitr"},"render":{"keep-tex":false,"keep-source":false,"keep-hidden":false,"prefer-html":false,"output-divs":true,"output-ext":"html","fig-align":"default","fig-pos":null,"fig-env":null,"code-fold":"none","code-overflow":"wrap","code-link":false,"code-line-numbers":false,"code-tools":false,"tbl-colwidths":"auto","merge-includes":true,"latex-auto-mk":true,"latex-auto-install":true,"latex-clean":true,"latex-max-runs":10,"latex-makeindex":"makeindex","latex-makeindex-opts":[],"latex-tlmgr-opts":[],"latex-input-paths":[],"latex-output-dir":null,"link-external-icon":false,"link-external-newwindow":false,"self-contained-math":false,"format-resources":[]},"pandoc":{"standalone":true,"wrap":"none","default-image-extension":"png","to":"html","highlight-style":"a11y","css":["my_styles.css"],"toc":true,"output-file":"Readme.html"},"language":{},"metadata":{"lang":"es","fig-responsive":true,"quarto-version":"1.2.269","license":"CC BY","theme":"flatly","page-layout":"full","code-copy":true},"extensions":{"book":{"multiFile":true}}}}}