[{"name":"htmlwidgets","version":"1.5.4","src":{"file":"www"},"meta":null,"script":"htmlwidgets.js","stylesheet":null,"head":null,"attachment":null,"package":"htmlwidgets","all_files":true},{"name":"jquery","version":"1.12.4","src":{"file":"htmlwidgets\/lib\/jquery"},"meta":null,"script":"jquery.min.js","stylesheet":null,"head":null,"attachment":null,"package":"leaflet","all_files":true},{"name":"leaflet","version":"1.3.1","src":{"file":"htmlwidgets\/lib\/leaflet"},"meta":null,"script":"leaflet.js","stylesheet":"leaflet.css","head":null,"attachment":null,"package":"leaflet","all_files":true},{"name":"leafletfix","version":"1.0.0","src":{"file":"htmlwidgets\/lib\/leafletfix"},"meta":null,"script":null,"stylesheet":"leafletfix.css","head":null,"attachment":null,"package":"leaflet","all_files":true},{"name":"proj4","version":"2.6.2","src":{"file":"htmlwidgets\/plugins\/Proj4Leaflet"},"meta":null,"script":"proj4.min.js","stylesheet":null,"head":null,"attachment":null,"package":"leaflet","all_files":false},{"name":"Proj4Leaflet","version":"1.0.1","src":{"file":"htmlwidgets\/plugins\/Proj4Leaflet"},"meta":null,"script":"proj4leaflet.js","stylesheet":null,"head":null,"attachment":null,"package":"leaflet","all_files":false},{"name":"rstudio_leaflet","version":"1.3.1","src":{"file":"htmlwidgets\/lib\/rstudio_leaflet"},"meta":null,"script":null,"stylesheet":"rstudio_leaflet.css","head":null,"attachment":null,"package":"leaflet","all_files":true},{"name":"leaflet-binding","version":"2.1.1","src":{"file":"htmlwidgets"},"meta":null,"script":"leaflet.js","stylesheet":null,"head":null,"attachment":null,"package":"leaflet","all_files":false},{"name":"leaflet-providers","version":"1.9.0","src":{"file":"\/tmp\/Rtmp98zzFJ"},"meta":null,"script":"leaflet-providers_1.9.0.js","stylesheet":null,"head":null,"attachment":null,"package":null,"all_files":false},{"name":"leaflet-providers-plugin","version":"2.1.1","src":{"file":"htmlwidgets\/plugins\/leaflet-providers-plugin"},"meta":null,"script":"leaflet-providers-plugin.js","stylesheet":null,"head":null,"attachment":null,"package":"leaflet","all_files":true},{"name":"leaflet-providers","version":"1.9.0","src":{"file":"\/tmp\/Rtmp98zzFJ"},"meta":null,"script":"leaflet-providers_1.9.0.js","stylesheet":null,"head":null,"attachment":null,"package":null,"all_files":false},{"name":"leaflet-providers-plugin","version":"2.1.1","src":{"file":"htmlwidgets\/plugins\/leaflet-providers-plugin"},"meta":null,"script":"leaflet-providers-plugin.js","stylesheet":null,"head":null,"attachment":null,"package":"leaflet","all_files":true},{"name":"leaflet-providers","version":"1.9.0","src":{"file":"\/tmp\/Rtmp98zzFJ"},"meta":null,"script":"leaflet-providers_1.9.0.js","stylesheet":null,"head":null,"attachment":null,"package":null,"all_files":false},{"name":"leaflet-providers-plugin","version":"2.1.1","src":{"file":"htmlwidgets\/plugins\/leaflet-providers-plugin"},"meta":null,"script":"leaflet-providers-plugin.js","stylesheet":null,"head":null,"attachment":null,"package":"leaflet","all_files":true}]
