show,showLabel,castlabels
http://www.wikidata.org/entity/Q202681,Joint Security Area,Lee Byung-hun
http://www.wikidata.org/entity/Q288645,G.I. Joe: The Rise of Cobra,Lee Byung-hun
http://www.wikidata.org/entity/Q483139,All In,Lee Byung-hun
http://www.wikidata.org/entity/Q484291,Three... Extremes,Lee Byung-hun
http://www.wikidata.org/entity/Q485462,A Bittersweet Life,Lee Byung-hun
http://www.wikidata.org/entity/Q485725,I Saw the Devil,Lee Byung-hun
http://www.wikidata.org/entity/Q488947,"The Good, the Bad, the Weird",Lee Byung-hun
http://www.wikidata.org/entity/Q489235,Everybody Has Secrets,Lee Byung-hun
http://www.wikidata.org/entity/Q491957,Masquerade,Lee Byung-hun
http://www.wikidata.org/entity/Q496296,Iris,Lee Byung-hun
http://www.wikidata.org/entity/Q592391,Addicted,Lee Byung-hun
http://www.wikidata.org/entity/Q903097,Hero,Lee Byung-hun
http://www.wikidata.org/entity/Q903930,RED 2,Lee Byung-hun
http://www.wikidata.org/entity/Q1146345,G.I. Joe: Retaliation,Lee Byung-hun
http://www.wikidata.org/entity/Q1153605,I Come with the Rain,Lee Byung-hun
http://www.wikidata.org/entity/Q4997639,Bungee Jumping of Their Own,Lee Byung-hun
http://www.wikidata.org/entity/Q6070427,Iris the Movie,Lee Byung-hun
http://www.wikidata.org/entity/Q6407212,Kill the Love,Lee Byung-hun
http://www.wikidata.org/entity/Q6481742,Lament,Lee Byung-hun
http://www.wikidata.org/entity/Q7091940,Once in a Summer,Lee Byung-hun
http://www.wikidata.org/entity/Q7379627,Runaway,Lee Byung-hun
http://www.wikidata.org/entity/Q7738920,The Harmonium in My Memory,Lee Byung-hun
http://www.wikidata.org/entity/Q7741996,The Influence,Lee Byung-hun
http://www.wikidata.org/entity/Q12590202,Tomorrow Love,Lee Byung-hun
http://www.wikidata.org/entity/Q15140437,Terminator Genisys,Lee Byung-hun
http://www.wikidata.org/entity/Q16256348,Memories of the Sword,Lee Byung-hun
http://www.wikidata.org/entity/Q19867192,Misconduct,Lee Byung-hun
http://www.wikidata.org/entity/Q19983487,The Magnificent Seven,Lee Byung-hun
http://www.wikidata.org/entity/Q20780511,Inside Men,Lee Byung-hun
http://www.wikidata.org/entity/Q22973831,The Age of Shadows,Lee Byung-hun; Gong Yoo
http://www.wikidata.org/entity/Q24856122,Master,Lee Byung-hun
http://www.wikidata.org/entity/Q28317759,Single Rider,Lee Byung-hun
http://www.wikidata.org/entity/Q29641342,The Fortress,Lee Byung-hun
http://www.wikidata.org/entity/Q30644591,Keys to the Heart,Lee Byung-hun
http://www.wikidata.org/entity/Q32846647,Mr. Sunshine,Lee Byung-hun
http://www.wikidata.org/entity/Q73993691,Ashfall,Lee Byung-hun
http://www.wikidata.org/entity/Q78730189,The Man Standing Next,Lee Byung-hun
http://www.wikidata.org/entity/Q105795501,Emergency Declaration,Lee Byung-hun
http://www.wikidata.org/entity/Q106514501,Concrete Utopia,Lee Byung-hun
http://www.wikidata.org/entity/Q485011,Il Mare,Lee Jeong-jae
http://www.wikidata.org/entity/Q485782,The Housemaid,Lee Jeong-jae
http://www.wikidata.org/entity/Q486030,Typhoon,Lee Jeong-jae
http://www.wikidata.org/entity/Q492485,The Thieves,Lee Jeong-jae
http://www.wikidata.org/entity/Q3358891,Over the Rainbow,Lee Jeong-jae
http://www.wikidata.org/entity/Q6408823,New World,Lee Jeong-jae
http://www.wikidata.org/entity/Q6494585,Last Present,Lee Jeong-jae
http://www.wikidata.org/entity/Q7712207,The Accidental Gangster and the Mistaken Courtesan,Lee Jeong-jae
http://www.wikidata.org/entity/Q7746196,The Last Witness,Lee Jeong-jae
http://www.wikidata.org/entity/Q11154947,City of the Rising Sun,Lee Jeong-jae
http://www.wikidata.org/entity/Q14795754,The Face Reader,Lee Jeong-jae
http://www.wikidata.org/entity/Q16255459,Big Match,Lee Jeong-jae
http://www.wikidata.org/entity/Q19801741,Assassination,Lee Jeong-jae
http://www.wikidata.org/entity/Q21780588,Operation Chromite,Lee Jeong-jae
http://www.wikidata.org/entity/Q26252639,Along with the Gods: The Two Worlds,Lee Jeong-jae
http://www.wikidata.org/entity/Q29344782,Warriors of the Dawn,Lee Jeong-jae
http://www.wikidata.org/entity/Q61100936,Svaha: The Sixth Finger,Lee Jeong-jae
http://www.wikidata.org/entity/Q62272759,Chief of Staff,Lee Jeong-jae
http://www.wikidata.org/entity/Q93739110,Deliver Us From Evil,Lee Jeong-jae
http://www.wikidata.org/entity/Q484695,The 1st Shop of Coffee Prince,Gong Yoo
http://www.wikidata.org/entity/Q487239,My Tutor Friend,Gong Yoo
http://www.wikidata.org/entity/Q488633,Big,Gong Yoo
http://www.wikidata.org/entity/Q489969,The Crucible,Gong Yoo
http://www.wikidata.org/entity/Q562135,Like a Dragon,Gong Yoo
http://www.wikidata.org/entity/Q624957,She's on Duty,Gong Yoo
http://www.wikidata.org/entity/Q4384744,One Fine Day,Gong Yoo
http://www.wikidata.org/entity/Q5449961,Finding Mr. Destiny,Gong Yoo
http://www.wikidata.org/entity/Q7581677,Spy Girl,Gong Yoo
http://www.wikidata.org/entity/Q11253374,슈퍼스타 감사용,Gong Yoo
http://www.wikidata.org/entity/Q14361469,The Suspect,Gong Yoo
http://www.wikidata.org/entity/Q20948236,Train to Busan,Gong Yoo
http://www.wikidata.org/entity/Q24859151,Guardian: The Lonely and Great God,Gong Yoo
http://www.wikidata.org/entity/Q65261718,Seo Bok,Gong Yoo
http://www.wikidata.org/entity/Q68283959,"Kim Ji-young, Born 1982",Gong Yoo
http://www.wikidata.org/entity/Q101010925,Wonderland,Gong Yoo
http://www.wikidata.org/entity/Q101083996,The Silent Sea,Gong Yoo; Heo Sung-tae; Kang Mal-geum
http://www.wikidata.org/entity/Q5416573,Even the Clouds Are Drifting,Kim Young-ok
http://www.wikidata.org/entity/Q12972286,Until We Can Love,Kim Young-ok
http://www.wikidata.org/entity/Q16724936,A Wife from a Mountain Village,Kim Young-ok
http://www.wikidata.org/entity/Q18391212,Rosy Lovers,Kim Young-ok
http://www.wikidata.org/entity/Q31179387,Jirisan,Kim Young-ok
http://www.wikidata.org/entity/Q65050906,The King: Eternal Monarch,Kim Young-ok
http://www.wikidata.org/entity/Q24698311,The Legend of the Blue Sea,Park Hae-soo
http://www.wikidata.org/entity/Q39059594,Prison Playbook,Park Hae-soo
http://www.wikidata.org/entity/Q61988991,Persona,Park Hae-soo
http://www.wikidata.org/entity/Q72939059,By Quantum Physics: A Nightlife Venture,Park Hae-soo
http://www.wikidata.org/entity/Q81222925,Time to Hunt,Park Hae-soo
http://www.wikidata.org/entity/Q17239344,Reset,I Tu-sok
http://www.wikidata.org/entity/Q106177775,Young Adult Matters,Lee You-mi
http://www.wikidata.org/entity/Q64577280,The 12th Suspect,Heo Sung-tae
http://www.wikidata.org/entity/Q72931135,The Divine Move 2: The Wrathful,Heo Sung-tae
http://www.wikidata.org/entity/Q79999337,Hitman: Agent Jun,Heo Sung-tae
http://www.wikidata.org/entity/Q89971905,SF8,Kim Joo-ryoung
http://www.wikidata.org/entity/Q106541036,Recalled,Kim Joo-ryoung
http://www.wikidata.org/entity/Q33101534,The Outlaws,Heo Dong-won
http://www.wikidata.org/entity/Q50791455,Gonjiam: Haunted Asylum,Wi Ha-jun
http://www.wikidata.org/entity/Q60174208,Romance Is a Bonus Book,Wi Ha-jun
http://www.wikidata.org/entity/Q106996423,Midnight,Wi Ha-jun
http://www.wikidata.org/entity/Q55105810,Idol,Kang Mal-geum
http://www.wikidata.org/entity/Q79999156,Lucky Chan-sil,Kang Mal-geum
http://www.wikidata.org/entity/Q100989574,More Than Family,Kang Mal-geum
http://www.wikidata.org/entity/Q494871,"Spring, Summer, Fall, Winter... and Spring",Oh Yeong-su
